java.lang.stringbuilder.append(),system.text.stringbuilder.appendline()
java.lang.stringbuilder.append(),system.text.stringbuilder.appendjoin()
java.util.map.containskey(),system.collections.generic.list.contains()
java.util.list.addall(),system.collections.generic.list.add()
java.io.outputstream.write(),system.servicemodel.description.metadataset.writeto()
java.util.random.nextint(),system.random.next()
java.util.list.remove(),system.collections.generic.list.removeat()
java.util.list.remove(),system.collections.generic.list.removeall()
java.util.map.remove(),system.collections.generic.linkedlist.removelast()
java.util.map.remove(),system.collections.concurrent.concurrentdictionary.tryremove()
java.io.inputstream.read(),system.io.stream.endread()
java.util.arrays.equals(),nunit.framework.collectionassert.areequal()
java.io.file.getpath(),system.io.path.gettemppath()
java.lang.string.trim(),system.string.trimend()
org.w3c.dom.element.setattribute(),system.xml.xmlelement.attributes()
org.w3c.dom.element.setattribute(),system.reflection.metadata.methoddefinition.customattributes()
java.util.set.addall(),system.linq.set.add()
java.util.set.remove(),system.collections.generic.hashset.removewhere()
java.io.file.listfiles(),system.io.directory.getfiles()
java.io.file.listfiles(),system.io.directoryinfo.getfiles()
java.util.hashmap.containskey(),system.collections.generic.hashset.contains()
java.util.hashmap.containskey(),system.collections.idictionary.contains()
java.util.hashmap.containskey(),system.collections.generic.icollection.contains()
java.sql.preparedstatement.executequery(),system.data.oledb.oledbcommand.executereader()
java.util.arraylist.remove(),system.collections.arraylist.removeat()
java.util.arraylist.remove(),system.collections.arraylist.removerange()
java.util.collection.contains(),system.collections.generic.dictionary.containskey()
java.lang.string.indexof(),system.string.indexofany()
java.io.file.length(),system.io.filestream.setlength()
java.util.logging.logger.warning(),nunit.framework.internal.logger.warn()
java.util.list.indexof(),system.collections.generic.list.lastindexof()
java.io.datainputstream.readint(),system.io.compression.deflatestream.read()
java.io.datainputstream.readint(),system.io.binaryreader.readuint16()
java.lang.reflect.method.getname(),system.componentmodel.dataannotations.displayattribute.getshortname()
java.lang.string.hashcode(),system.string.gethashcode()
java.lang.string.hashcode(),system.datetime.gethashcode()
java.lang.string.hashcode(),system.version.gethashcode()
java.net.url.openstream(),system.net.webclient.openread()
java.io.fileoutputstream.write(),system.io.file.openwrite()
java.io.printwriter.write(),system.web.ui.htmltextwriter.writeline()
java.io.stringwriter.write(),system.io.stringwriter.writeline()
javax.swing.jtextfield.gettext(),system.windows.forms.textbox.text()
java.awt.graphics.fillrect(),system.drawing.graphics.fillrectangle()
java.io.dataoutput.writeint(),system.security.cryptography.cryptostream.writebyte()
java.util.bitset.set(),system.collections.bitset.set()
java.io.datainput.readint(),system.io.binaryreader.readuint32()
java.io.datainput.readint(),system.io.binaryreader.readuint16()
java.io.datainput.readint(),system.io.binaryreader.readuint64()
java.io.datainput.readint(),system.io.binaryreader.readsingle()
java.util.random.nextdouble(),system.random.nextdoubles()
java.util.bitset.get(),system.collections.bitset.get()
java.util.concurrent.atomic.atomicinteger.incrementandget(),system.threading.interlocked.increment()
java.lang.string.replaceall(),system.string.replace()
java.util.hashtable.containskey(),system.collections.stack.contains()
java.awt.graphics.drawimage(),system.drawing.graphics.drawpie()
java.net.url.getpath(),system.io.path.getfullpath()
java.lang.reflect.array.newinstance(),system.array.createinstance()
java.util.linkedlist.addall(),system.collections.generic.hashset.add()
java.io.objectinputstream.readint(),system.io.binaryreader.read()
java.io.objectinputstream.readint(),system.io.binaryreader.readuint16()
java.lang.string.lastindexof(),system.string.indexof()
java.lang.string.lastindexof(),system.string.lastindexofany()
java.util.vector.remove(),system.collections.arraylist.removeat()
java.util.vector.remove(),system.collections.generic.sortedlist.removeat()
java.net.uri.getpath(),system.io.path.getfullpath()
javax.swing.uimanager.setcolor(),system.drawing.graphics.setcolor()
java.util.list.removeall(),system.collections.generic.list.remove()
java.util.list.removeall(),system.collections.generic.list.removeat()
java.util.arrays.hashcode(),system.guid.gethashcode()
java.util.arrays.hashcode(),system.drawing.color.gethashcode()
java.util.arrays.hashcode(),system.string.gethashcode()
java.util.linkedlist.removefirst(),system.collections.generic.linkedlist.remove()
java.util.linkedlist.removefirst(),system.collections.generic.hashset.remove()
java.math.biginteger.compareto(),system.numerics.biginteger.compare()
javax.swing.joptionpane.showconfirmdialog(),system.windows.forms.folderbrowserdialog.showdialog()
java.lang.string.tolowercase(),system.string.tolower()
java.util.linkedlist.remove(),system.collections.generic.linkedlist.removelast()
java.util.linkedlist.remove(),system.collections.generic.linkedlist.removefirst()
java.util.linkedlist.remove(),system.collections.concurrent.concurrentdictionary.tryremove()
java.lang.object.hashcode(),system.globalization.compareinfo.gethashcode()
java.lang.object.hashcode(),system.reflection.memberinfo.gethashcode()
java.net.inetaddress.gethostaddress(),system.net.dns.gethostname()
java.net.inetaddress.gethostaddress(),system.net.networkinformation.networkinterface.getphysicaladdress()
java.util.random.nextbytes(),system.security.cryptography.rngcryptoserviceprovider.getbytes()
java.awt.graphics2d.translate(),system.drawing.graphics.translateclip()
java.util.concurrent.atomic.atomiclong.incrementandget(),system.threading.interlocked.increment()
java.awt.graphics.translate(),system.drawing.graphics.translateclip()
java.net.serversocket.accept(),system.net.sockets.socket.beginaccept()
java.net.serversocket.accept(),system.net.sockets.socket.acceptasync()
java.math.bigdecimal.compareto(),system.numerics.biginteger.compare()
java.util.concurrent.locks.readwritelock.writelock(),system.threading.readerwriterlockslim.enterwritelock()
java.util.concurrent.concurrenthashmap.remove(),system.collections.concurrent.concurrentdictionary.tryremove()
java.io.dataoutput.writelong(),system.io.textwriter.write()
java.util.logging.logger.warn(),system.diagnostics.log.warning()
java.lang.long.parselong(),system.double.parse()
java.sql.preparedstatement.setnull(),system.data.common.datastorage.isobjectnull()
java.util.map.containsvalue(),system.componentmodel.design.designerverbcollection.contains()
java.awt.graphics.drawrect(),system.drawing.graphics.drawrectangle()
java.awt.graphics.drawrect(),system.drawing.graphics.drawarc()
java.util.collections.addall(),system.codedom.codetypedeclarationcollection.add()
java.util.collections.addall(),system.collections.generic.hashset.add()
java.awt.list.remove(),system.collections.generic.list.removeat()
java.awt.list.remove(),system.collections.generic.list.removerange()
java.util.concurrent.atomic.atomicinteger.getandincrement(),system.threading.interlocked.increment()
java.net.socket.connect(),system.net.sockets.socket.beginconnect()
java.util.zip.zipfile.getinputstream(),system.net.filewebrequest.getrequeststream()
java.lang.string.compareto(),system.globalization.compareinfo.compare()
javax.swing.jcheckbox.isselected(),system.windows.forms.treeview.select()
java.util.vector.set(),system.numerics.vector.get()
javax.xml.stream.xmlinputfactory.createxmlstreamreader(),system.data.sqltypes.sqlxml.createreader()
javax.swing.jlabel.gettext(),system.windows.forms.textbox.text()
java.sql.timestamp.gettime(),system.data.idatarecord.getdatetime()
java.sql.timestamp.gettime(),system.data.idatarecord.getbyte()
java.util.zip.zipentry.isdirectory(),system.io.filesystem.movedirectory()
java.util.listiterator.remove(),system.collections.generic.linkedlist.removefirst()
java.util.zip.zipoutputstream.write(),system.xml.xmldocument.writeto()
java.sql.resultset.getdate(),system.data.idatarecord.getdatetime()
java.util.linkedlist.removelast(),system.collections.generic.linkedlist.remove()
java.util.linkedlist.removelast(),system.collections.generic.linkedlist.removefirst()
java.lang.math.ceil(),system.math.ceiling()
java.util.concurrent.atomic.atomicinteger.decrementandget(),system.threading.interlocked.decrement()
java.awt.shape.getbounds2d(),system.drawing.drawing2d.graphicspath.getbounds()
java.awt.shape.getbounds2d(),system.drawing.region.getbounds()
java.lang.string.touppercase(),system.string.toupper()
java.lang.threadlocal.set(),system.threading.threadlocal.set()
java.awt.graphics.getcolor(),system.drawing.graphics.getcolor()
java.util.objects.hashcode(),system.drawing.color.gethashcode()
java.util.objects.hashcode(),system.reflection.memberinfo.gethashcode()
java.security.securerandom.nextbytes(),system.security.cryptography.randomnumbergenerator.getbytes()
java.util.collection.removeall(),system.collections.objectmodel.collection.remove()
java.util.linkedhashmap.remove(),system.collections.generic.sortedlist.removeat()
java.util.concurrent.blockingqueue.add(),system.collections.concurrent.concurrentdictionary.tryadd()
java.util.collection.containsall(),system.collections.objectmodel.collection.contains()
java.lang.character.isdigit(),system.uri.ishexdigit()
javax.swing.table.defaulttablemodel.addrow(),system.xml.serialization.nametable.add()
javax.swing.jtextarea.settext(),system.windows.input.textcompositioneventargs.text()
java.lang.double.isinfinite(),system.double.isinfinity()
java.lang.double.isinfinite(),system.single.isinfinity()
java.net.inetaddress.gethostname(),system.net.dns.gethostbyname()
java.lang.threadlocal.get(),system.threading.threadlocal.get()
org.w3c.dom.document.createattributens(),system.xml.linq.xelement.attributes()
java.awt.graphics.setclip(),system.drawing.graphics.resetclip()
java.util.zip.gzipoutputstream.write(),system.io.file.openwrite()
org.w3c.dom.document.createattribute(),system.activities.presentation.propertyediting.propertyvalueeditor.createeditorattribute()
java.util.date.hashcode(),system.timespan.gethashcode()
java.util.date.hashcode(),system.guid.gethashcode()
java.beans.xmldecoder.readobject(),system.resources.resourcemanager.getobject()
java.awt.graphics.getclipbounds(),system.drawing.drawing2d.graphicspath.getbounds()
java.awt.rectangle.intersects(),system.drawing.region.intersect()
javax.crypto.secretkeyfactory.generatesecret(),system.security.cryptography.rijndaelmanaged.generatekey()
java.net.uri.toasciistring(),system.uri.tostring()
java.sql.resultset.getbyte(),system.numerics.biginteger.getbytecount()
java.net.socket.isclosed(),system.net.security.sslstream.close()
java.net.socket.isclosed(),system.net.sockets.socket.close()
java.util.list.lastindexof(),system.collections.generic.list.indexof()
java.util.list.lastindexof(),system.collections.generic.ilist.indexof()
java.util.arraylist.removeall(),system.collections.arraylist.remove()
java.util.arraylist.removeall(),system.collections.arraylist.removeat()
java.util.regex.matchresult.group(),system.text.regularexpressions.match.groups()
java.math.biginteger.modpow(),system.numerics.biginteger.pow()
java.nio.channels.serversocketchannel.accept(),system.net.sockets.socket.beginaccept()
java.util.objects.equal(),system.object.equals()
java.net.socket.isconnected(),system.net.sockets.socket.connect()
java.awt.filedialog.getfile(),system.io.directoryinfo.getfiles()
java.net.datagramsocket.connect(),system.net.sockets.socket.beginconnect()
java.util.priorityqueue.remove(),system.collections.generic.linkedlist.removefirst()
java.util.zip.deflater.finish(),system.io.compression.deflater.finished()
java.util.resourcebundle.getkeys(),system.collections.hashtable.keys()
java.awt.component.getbackground(),system.windows.forms.visualstyles.visualstylerenderer.drawbackground()
java.lang.double.longbitstodouble(),system.bitconverter.int64bitstodouble()
java.lang.character.tostring(),system.string.substring()
java.math.biginteger.mod(),system.numerics.biginteger.modpow()
java.lang.math.log10(),system.math.log()
java.lang.long.tohexstring(),system.io.filestream.tostring()
java.util.linkedlist.peek(),system.collections.concurrent.concurrentqueue.trypeek()
java.util.deque.removefirst(),system.collections.ilist.removeat()
javax.swing.table.defaulttablemodel.getvalueat(),system.web.ui.webcontrols.parametercollection.getvalues()
java.nio.charset.charset.newdecoder(),system.text.encoding.getdecoder()
java.lang.character.digit(),system.char.isdigit()
java.util.resourcebundle.containskey(),system.collections.generic.sortedlist.contains()
java.util.identityhashmap.containskey(),system.collections.objectmodel.collection.contains()
java.awt.filedialog.getdirectory(),system.io.path.getdirectoryname()
java.util.zip.deflater.finished(),system.io.compression.deflater.finish()
java.util.zip.inflater.finished(),system.io.compression.inflater.finish()
java.lang.string.replacefirst(),system.string.replace()
java.util.calendar.compareto(),system.datetime.compare()
javax.xml.stream.xmlinputfactory.createxmleventreader(),system.activities.xamlintegration.activityxamlservices.createreader()
javax.xml.stream.xmlinputfactory.createxmleventreader(),system.xml.xmldictionaryreader.createtextreader()
javax.xml.stream.xmlinputfactory.createxmleventreader(),system.data.sqltypes.sqlxml.createreader()
java.lang.reflect.modifier.tostring(),system.reflection.metadata.metadatareader.getstring()
java.awt.geom.affinetransform.getsheary(),system.drawing.drawing2d.matrix.shear()
java.awt.geom.affinetransform.getshearx(),system.drawing.drawing2d.matrix.shear()
java.util.concurrent.linkedblockingqueue.take(),system.collections.concurrent.blockingcollection.trytake()
java.awt.color.hsbtorgb(),system.drawing.color.toargb()
java.math.biginteger.pow(),system.numerics.biginteger.modpow()
java.lang.long.hashcode(),system.string.gethashcode()
java.lang.long.hashcode(),system.globalization.compareinfo.gethashcode()
java.net.datagrampacket.getsocketaddress(),system.net.dns.gethostaddresses()
java.util.concurrent.atomic.atomiclong.compareandset(),system.uint32.compareto()
java.util.jar.manifest.write(),system.io.file.openwrite()
java.util.zip.deflater.finished(),system.io.compression.deflater.finish()
java.awt.graphics.getclip(),system.drawing.graphics.clip()
java.awt.component.setlocation(),system.drawing.rectangle.location()
javax.xml.stream.events.startelement.getname(),system.xml.xmlreader.name()
java.net.socket.shutdownoutput(),system.net.sockets.socket.shutdown()
javax.swing.timer.restart(),system.windows.forms.timer.start()
java.util.weakhashmap.remove(),system.collections.concurrent.concurrentdictionary.tryremove()
java.util.prefs.preferences.removenode(),system.data.constraintcollection.remove()
java.util.concurrent.atomic.atomicinteger.getanddecrement(),system.threading.interlocked.decrement()
java.io.objectoutputstream.writebyte(),system.io.stream.write()
java.lang.byte.parsebyte(),system.sbyte.parse()
java.util.deque.removelast(),system.collections.generic.linkedlist.remove()
java.util.concurrent.atomic.atomiclong.decrementandget(),system.threading.interlocked.decrement()
java.awt.list.removeall(),system.collections.generic.list.removeat()
java.net.socket.shutdowninput(),system.net.sockets.socket.shutdown()
java.util.arraydeque.remove(),system.collections.generic.ilist.removeat()
java.awt.geom.ellipse2d.setframe(),system.drawing.imaging.imageattributes.setwrapmode()
javax.xml.transform.stream.streamsource.getreader(),system.data.sqltypes.sqlxml.createreader()
javax.swing.buttongroup.setselected(),system.windows.forms.textbox.select()
java.awt.graphics.drawpolyline(),system.drawing.graphics.drawpolygon()
java.lang.integer.tobinarystring(),system.single.tostring()
javax.swing.text.jtextcomponent.setcaretposition(),system.windows.controls.richtextbox.caretposition()
java.net.inet6address.getbyaddress(),system.net.ipaddress.getaddressbytes()
java.security.provider.getproperty(),system.componentmodel.icustomtypedescriptor.getdefaultproperty()
java.util.locale.hashcode(),system.globalization.cultureinfo.gethashcode()
java.util.concurrent.blockingqueue.remove(),system.collections.generic.linkedlist.removelast()
java.util.concurrent.blockingqueue.remove(),system.collections.generic.linkedlist.removefirst()
java.io.dataoutput.writechar(),system.io.textwriter.write()
java.awt.font.fontrendercontext.gettransform(),system.drawing.drawing2d.graphicspath.transform()
java.util.arraydeque.removefirst(),system.collections.sortedlist.remove()
java.util.arraydeque.removefirst(),system.collections.generic.linkedlist.remove()
java.util.arraydeque.removefirst(),system.collections.generic.dictionary.remove()
java.lang.stringbuilder.indexof(),system.string.lastindexof()
java.nio.channels.datagramchannel.read(),system.io.stream.endread()
java.util.zip.checkedinputstream.read(),system.io.stream.endread()
java.lang.stringbuffer.indexof(),system.string.indexofany()
java.lang.stringbuffer.indexof(),system.string.lastindexof()
java.util.arraylist.lastindexof(),system.collections.arraylist.indexof()
java.util.calendar.hashcode(),system.datetime.gethashcode()
java.net.datagramsocket.isconnected(),system.net.sockets.socket.connect()
java.awt.geom.affinetransform.inversetransform(),system.drawing.drawing2d.graphicspath.transform()
java.awt.color.hashcode(),system.drawing.color.gethashcode()
javax.swing.jmenu.getmenucomponents(),system.componentmodel.design.iselectionservice.getselectedcomponents()
java.awt.adjustable.setvalue(),system.data.metadata.edm.metadataproperty.value()

java.text.numberformat.hashcode(),system.globalization.compareinfo.gethashcode()
java.lang.number.bytevalue(),system.data.metadata.edm.metadataproperty.value()
java.util.abstractmap.getkey(),system.security.cryptography.rsapkcs1keyexchangedeformatter.setkey()
java.sql.clob.setstring(),system.datetime.substring()
java.rmi.marshalledobject.get(),system.threading.threadlocal.set()
java.net.proxyselector.setdefault(),system.servicemodel.channels.messagefault.createfault()
java.io.filteroutputstream.write(),system.io.bufferedstream.writebyte()
javax.management.mbeanparameterinfo.gettype(),system.data.idatarecord.getbyte()
java.util.regex.matcher.tostring(),system.datetime.substring()
org.junit.rules.temporaryfolder.create(),system.io.file.createtext()
org.w3c.dom.ls.lsserializer.write(),system.xml.linq.xdocument.writeto()
org.w3c.dom.ls.lsserializer.write(),system.xml.xmldocument.writeto()
java.security.algorithmparameters.tostring(),system.data.sqltypes.sqlchars.tosqlstring()
java.awt.image.databuffer.getoffset(),system.reflection.metadata.ecma335.metadatatokens.getheapoffset()
java.lang.process.waitfor(),system.diagnostics.process.waitforexit()
java.security.cert.certpath.hashcode(),system.stringcomparer.gethashcode()
java.security.cert.certpath.hashcode(),system.timespan.gethashcode()
java.lang.reflect.array.setdouble(),system.xml.xmlconverter.todouble()
java.util.bitset.hashcode(),system.net.ipaddress.gethashcode()
java.util.bitset.hashcode(),system.timespan.gethashcode()
java.util.bitset.hashcode(),system.stringcomparer.gethashcode()
java.security.spec.ecpoint.equals(),system.data.sqltypes.sqlbinary.notequals()
javax.swing.jtextpane.setdocument(),system.xml.xmlelement.ownerdocument()
javax.swing.jtextpane.setdocument(),system.xml.xmlnode.ownerdocument()
javax.swing.event.listdataevent.getindex1(),system.collections.sortedlist.setbyindex()
java.util.zip.zipentry.getcomment(),system.uri.getcomponents()
java.awt.rectangle.resize(),system.drawing.drawing2d.graphicspath.reset()
javax.net.ssl.sslsession.invalidate(),system.security.cryptography.ecparameters.validate()
java.nio.channels.asynchronoussocketchannel.connect(),system.net.sockets.socket.beginconnect()
java.awt.geom.rectangle2d.intersects(),system.drawing.graphics.intersectclip()
java.awt.geom.rectangle2d.intersects(),system.drawing.region.intersect()
java.awt.geom.rectangle2d.intersects(),system.drawing.rectangle.intersect()
java.lang.reflect.field.setchar(),system.iconvertible.tochar()
java.util.abstractmap.getvalue(),system.web.dynamicdata.metamodel.gettable()
java.security.principal.hashcode(),system.security.policy.url.gethashcode()
javax.swing.jmenubar.setname(),system.dynamic.setmemberbinder.name()
java.lang.stringbuilder.lastindexof(),system.string.indexof()
java.awt.event.adjustmentevent.getvalue(),system.xml.xmlnode.value()
java.util.abstractlist.remove(),system.collections.generic.list.removerange()
java.util.abstractlist.remove(),system.collections.generic.list.removeall()
java.util.abstractlist.remove(),system.collections.generic.list.removeat()
java.awt.cursor.tostring(),system.datetime.substring()
java.awt.cursor.tostring(),system.string.substring()
java.util.currency.tostring(),system.web.ihtmlstring.tohtmlstring()
java.util.currency.tostring(),system.data.sqltypes.sqlint32.tosqlstring()
javax.swing.jcombobox.removeitem(),system.collections.hashtable.remove()
javax.naming.ldap.ldapname.hashcode(),system.reflection.fieldinfo.gethashcode()
javax.naming.ldap.ldapname.hashcode(),system.stringcomparer.gethashcode()
java.sql.array.getbasetype(),system.data.common.datastorage.gettype()
javax.swing.jlist.setname(),system.dynamic.setmemberbinder.name()
javax.rmi.corba.util.gettie(),system.data.common.datastorage.gettype()
javax.swing.text.view.getattributes(),system.reflection.fieldinfo.getcustomattributes()
java.awt.image.writableraster.setpixels(),system.drawing.bitmap.getpixel()
java.awt.image.writableraster.setpixels(),system.drawing.bitmap.setpixel()
java.lang.integer.longvalue(),system.xml.xmltextreader.value()
java.util.concurrent.copyonwritearraylist.indexof(),system.collections.sortedlist.indexofkey()
javax.swing.jcolorchooser.setcolor(),system.drawing.imaging.imageattributes.setcolorkey()
java.util.jar.attributes.remove(),system.data.datatablecollection.removeat()
javax.naming.nameclasspair.tostring(),system.resources.resourcemanager.getstring()
javax.swing.event.caretevent.getdot(),system.runtime.remoting.contexts.context.getdata()
java.lang.reflect.field.gettypename(),system.xml.serialization.modelscope.gettypemodel()
javax.xml.datatype.duration.tostring(),system.string.substring()
java.net.proxy.equals(),system.security.securityelement.equal()
java.net.proxy.equals(),system.data.query.internaltrees.command.equaltypes()
java.security.cert.x509crlentry.equals(),nunit.framework.assert.equal()
javax.crypto.spec.rc5parameterspec.getiv(),system.web.httpclientcertificate.get()
java.text.fieldposition.hashcode(),system.globalization.compareinfo.gethashcode()
javax.management.remote.jmxserviceurl.geturlpath(),system.data.common.adp.getfullpath()
javax.swing.spinnernumbermodel.setvalue(),system.componentmodel.design.idictionaryservice.getvalue()
java.util.objects.hash(),system.runtime.serialization.objectidgenerator.hasid()
javax.naming.ldap.control.getencodedvalue(),system.net.mime.mimebasepart.encodeheadervalue()
java.time.zoneoffset.hashcode(),system.stringcomparer.gethashcode()
java.util.propertyresourcebundle.getkeys(),system.collections.hashtable.keys()
java.security.provider.getinfo(),system.deployment.internal.codesigning.manifestsignedxml.keyinfo()
javax.naming.ldap.ldapname.getrdn(),system.collections.generic.list.get()
javax.swing.text.simpleattributeset.getattribute(),system.security.securityelement.addattribute()
javax.naming.directory.attribute.clone(),system.xml.xmlnode.clonenode()
java.awt.geom.rectangle2d.intersect(),system.drawing.graphics.intersectclip()
javax.jms.connection.close(),system.collections.hashtable.clone()
javax.xml.stream.xmlinputfactory.createfilteredreader(),system.data.sqltypes.sqlxml.createreader()
java.util.treemap.hashcode(),system.globalization.compareinfo.gethashcode()
java.util.simpletimezone.clone(),system.xml.xmldatadocument.clonenode()
java.util.simpletimezone.clone(),system.xml.xmlcdatasection.clonenode()
java.net.urlconnection.getfilenamemap(),system.configuration.configurationerrorsexception.getfilename()
java.net.urlconnection.getfilenamemap(),system.io.path.getfilename()
java.net.inetsocketaddress.hashcode(),system.net.ipaddress.gethashcode()
java.awt.font.glyphvector.getvisualbounds(),system.drawing.drawing2d.graphicspath.getbounds()
javax.swing.jtabbedpane.getboundsat(),system.drawing.drawing2d.graphicspath.getbounds()
javax.naming.directory.searchresult.tostring(),system.sr.getstring()
java.time.format.datetimeformatter.parsebest(),system.net.http.headers.mediatypewithqualityheadervalue.parse()
java.time.zone.zoneoffsettransition.compareto(),system.reflection.metadata.handle.compare()
java.time.zone.zoneoffsettransition.compareto(),system.reflection.metadata.entityhandle.compare()
javax.swing.text.html.parser.element.tostring(),system.string.substring()
java.lang.double.tohexstring(),system.windows.point.tostring()
java.lang.double.tohexstring(),system.windows.color.tostring()
java.lang.double.tohexstring(),system.int32.tostring()
java.lang.double.tohexstring(),system.net.http.headers.httpheadervaluecollection.tostring()
java.lang.long.tobinarystring(),system.int32.tostring()
java.lang.long.tobinarystring(),system.single.tostring()
java.lang.long.tobinarystring(),system.io.filestream.tostring()
java.lang.long.tobinarystring(),system.int16.tostring()
javax.swing.jpopupmenu.insert(),system.collections.generic.list.insertrange()
java.util.hashmap.contains(),system.web.routing.routevaluedictionary.containskey()
java.nio.channels.asynchronoussocketchannel.write(),system.threading.monitor.wait()
java.nio.channels.asynchronoussocketchannel.write(),system.io.stream.endwrite()
javax.swing.progressmonitor.setnote(),system.servicemodel.channels.icontextmanager.setcontext()
java.util.prefs.abstractpreferences.remove(),system.data.datatablecollection.removeat()
java.net.cookiestore.removeall(),system.collections.generic.icollection.remove()
java.lang.reflect.field.hashcode(),system.int64.gethashcode()
java.io.objectinputstream.getfield.get(),system.web.httpcookiecollection.set()
java.lang.strictmath.log10(),system.math.log()
java.lang.class.equals(),system.data.query.internaltrees.command.equaltypes()
javax.swing.jpanel.gettext(),system.windows.forms.textbox.text()
java.time.localdate.hashcode(),system.drawing.color.gethashcode()
java.time.localdate.hashcode(),system.globalization.compareinfo.gethashcode()
java.time.localdate.hashcode(),system.string.gethashcode()
java.awt.geom.area.intersects(),system.drawing.region.intersect()
java.beans.statement.tostring(),system.string.substring()
java.lang.integer.tooctalstring(),system.single.tostring()
java.lang.reflect.field.getbyte(),system.data.idatarecord.getbytes()
javax.xml.datatype.duration.isset(),system.codedom.codeattributedeclarationcollection.insert()
java.awt.font.glyphvector.getlogicalbounds(),system.drawing.drawing2d.graphicspath.getbounds()
java.util.concurrent.phaser.getphase(),system.net.ipaddress.gethashcode()
java.util.concurrent.phaser.getphase(),system.stringcomparer.gethashcode()
javax.xml.soap.soapelement.getattributevalue(),system.componentmodel.debugtypedescriptor.getattributes()
java.time.localdate.compareto(),system.data.common.adp.srccompare()
org.w3c.dom.ranges.range.tostring(),system.string.substring()
java.io.filepermission.hashcode(),system.data.sqltypes.sqldatetime.gethashcode()
java.io.filepermission.hashcode(),system.runtime.interopservices.osplatform.gethashcode()
java.io.filepermission.hashcode(),system.net.http.headers.contentdispositionheadervalue.gethashcode()
javax.xml.bind.whitespaceprocessor.iswhitespace(),system.xml.xmlchartype.isonlywhitespace()
java.awt.geom.rectangle2d.intersectsline(),system.drawing.rectanglef.intersect()
java.net.proxy.tostring(),system.data.odbc.odbcdatareader.getstring()
java.text.dateformatsymbols.getzonestrings(),system.net.mime.contenttype.tostring()
java.util.concurrent.atomic.atomiclong.tostring(),system.data.oledb.oledbdatareader.getstring()
java.lang.float.longvalue(),system.windows.controls.image.getvalue()
java.lang.float.longvalue(),system.data.metadata.edm.metadataproperty.value()
javax.management.attributechangenotification.getnewvalue(),system.reflection.propertyinfo.setvalue()
javax.swing.jtooltip.getcomponent(),system.componentmodel.design.iselectionservice.getselectedcomponents()
javax.net.ssl.sslengine.setsslparameters(),system.data.sqlclient.sqlcommand.parameters()
javax.security.auth.privatecredentialpermission.equals(),system.data.sqltypes.sqlmoney.notequals()
javax.swing.jlayeredpane.removeall(),system.string.remove()
java.awt.font.glyphvector.getpixelbounds(),system.drawing.drawing2d.graphicspath.getbounds()
javax.net.ssl.sslparameters.clone(),system.xml.xmlvalidatingreader.close()
javax.net.ssl.sslparameters.clone(),system.resources.resourceset.close()
java.awt.geom.area.getbounds2d(),system.drawing.drawing2d.graphicspath.getbounds()
javax.swing.timer.gettime(),system.data.oledb.oledbdatareader.gettimespan()
javax.swing.timer.gettime(),system.data.oledb.oledbdatareader.getdatetime()
java.net.socketoutputstream.write(),system.io.isolatedstorage.isolatedstoragefilestream.writebyte()
java.awt.graphics.hitclip(),system.drawing.graphics.setclip()
javax.management.objectname.hashcode(),system.drawing.color.gethashcode()
javax.management.objectname.hashcode(),system.stringcomparer.gethashcode()
javax.swing.text.jtextcomponent.getcaretcolor(),system.drawing.graphics.getnearestcolor()
java.rmi.marshalledobject.hashcode(),system.reflection.fieldinfo.gethashcode()
java.rmi.marshalledobject.hashcode(),system.reflection.propertyinfo.gethashcode()
java.rmi.marshalledobject.hashcode(),system.stringcomparer.gethashcode()
java.rmi.marshalledobject.hashcode(),system.windows.color.gethashcode()
java.rmi.marshalledobject.hashcode(),system.globalization.compareinfo.gethashcode()
javax.swing.jbutton.getbackground(),system.windows.forms.drawitemeventargs.drawbackground()
org.w3c.dom.typeinfo.gettypename(),system.runtime.serialization.formatterservices.getclrtypefullname()
javax.media.opengl.gl.gltranslated(),system.drawing.drawing2d.matrix.translate()
javax.naming.binding.tostring(),system.string.substring()
java.io.pushbackreader.ready(),system.io.stringreader.read()
java.io.chararrayreader.reset(),system.security.cryptography.asn1.asnreader.readsetof()
java.awt.geom.line2d.getbounds2d(),system.drawing.drawing2d.graphicspath.getbounds()
javax.management.monitor.monitor.start(),system.collections.immutable.builder.sort()
java.lang.float.tohexstring(),system.net.http.headers.namevaluewithparametersheadervalue.tostring()
java.lang.float.tohexstring(),system.net.http.headers.cachecontrolheadervalue.tostring()
java.lang.float.tohexstring(),system.single.tostring()
javax.swing.filechooser.filenameextensionfilter.getextensions(),system.io.path.getextension()
javax.swing.filechooser.filenameextensionfilter.getextensions(),system.io.path.changeextension()
javax.swing.filechooser.filenameextensionfilter.getextensions(),system.io.path.hasextension()
java.util.gregoriancalendar.hashcode(),system.globalization.compareinfo.gethashcode()
java.util.gregoriancalendar.hashcode(),system.int64.gethashcode()
java.rmi.server.operation.clone(),system.xml.xmldatadocument.clonenode()
java.rmi.server.uid.hashcode(),system.stringcomparer.gethashcode()
java.rmi.server.uid.hashcode(),system.reflection.propertyinfo.gethashcode()
java.rmi.server.uid.hashcode(),system.datetime.gethashcode()
java.rmi.server.uid.hashcode(),system.drawing.color.gethashcode()
java.beans.statement.getmethodname(),system.reflection.eventinfo.getaddmethod()
javax.sql.rowset.serial.serialclob.setstring(),system.net.mail.mailaddress.tostring()
java.beans.propertyeditorsupport.setvalue(),system.xml.xmlnode.value()
javax.sound.sampled.audiofileformat.properties(),system.componentmodel.collectionconverter.getproperties()
java.lang.process.get(),system.data.entity.core.common.commandtrees.dbdeletecommandtree.target()
java.net.networkinterface.hashcode(),system.data.tests.address.gethashcode()
java.net.networkinterface.hashcode(),system.net.ipaddress.gethashcode()
javax.activation.datasource.getname(),system.dynamic.setmemberbinder.name()
java.sql.databasemetadata.getattributes(),system.componentmodel.composition.factories.partdefinitionfactory.createattributed()
java.util.concurrent.linkedblockingdeque.addfirst(),system.security.claims.claimsprincipal.findfirst()
java.lang.stringbuffer.lastindexof(),system.string.indexof()
java.sql.timestamp.hashcode(),system.globalization.compareinfo.gethashcode()
java.awt.image.lookuptable.getoffset(),system.drawing.rectangle.offset()
java.security.permissioncollection.tostring(),system.string.substring()
javax.swing.jprogressbar.getstring(),system.drawing.stringformat.tostring()
java.awt.choice.removeall(),system.codedom.codeparameterdeclarationexpressioncollection.remove()
java.awt.polygon.getbounds2d(),system.drawing.drawing2d.graphicspath.getbounds()
javax.naming.ldap.rdn.hashcode(),system.stringcomparer.gethashcode()
java.awt.rectangle.createintersection(),system.collections.specialized.bitvector32.createsection()
java.time.temporal.temporalamount.addto(),system.data.datatablecollection.add()
java.time.temporal.temporalamount.addto(),system.data.datacolumncollection.add()
java.time.chrono.hijrahdate.with(),system.configuration.xmlutilwriter.write()
javax.xml.bind.datatypeconverter.parseinteger(),system.security.cryptography.asn1.asnreader.getinteger()
java.text.parseposition.hashcode(),system.numerics.biginteger.gethashcode()
java.util.arraydeque.removelast(),system.collections.generic.dictionary.remove()
java.util.arraydeque.removelast(),system.collections.generic.hashset.remove()
java.util.arraydeque.removelast(),system.collections.generic.sortedlist.remove()
java.util.arraydeque.removelast(),system.collections.generic.idictionary.remove()
java.text.collationelementiterator.setoffset(),system.windows.point.offset()
java.lang.short.hashcode(),system.string.gethashcode()
java.lang.short.hashcode(),system.boolean.gethashcode()
java.lang.float.hashcode(),system.windows.rect.gethashcode()
java.util.concurrent.copyonwritearrayset.containsall(),system.codedom.codeexpressioncollection.contains()
java.util.concurrent.copyonwritearraylist.containsall(),system.codedom.codeexpressioncollection.contains()
java.util.concurrent.copyonwritearraylist.containsall(),system.codedom.codecommentstatementcollection.contains()
java.awt.font.hashcode(),system.drawing.color.gethashcode()
javax.naming.directory.modificationitem.getattribute(),system.reflection.emit.eventbuilder.setcustomattribute()
javax.naming.directory.modificationitem.getattribute(),system.reflection.emit.parameterbuilder.setcustomattribute()
java.nio.channels.datagramchannel.disconnect(),system.net.sockets.socket.endconnect()
java.nio.channels.datagramchannel.disconnect(),system.net.sockets.socket.beginconnect()
javax.management.modelmbean.modelmbeaninfo.getattributes(),system.reflection.parameterinfo.getcustomattributes()
java.awt.component.getlocale(),system.componentmodel.design.idictionaryservice.getvalue()
java.awt.geom.line2d.intersectsline(),system.drawing.rectanglef.intersect()
javax.xml.soap.soapelement.getallattributes(),system.componentmodel.debugtypedescriptor.getattributes()
java.security.basicpermission.hashcode(),system.net.http.headers.transfercodingheadervalue.gethashcode()
javax.naming.compositename.get(),system.collections.bitset.set()
javax.swing.jtoolbar.remove(),system.data.datarelationcollection.removeat()
javax.swing.jtoolbar.remove(),system.data.datarelationcollection.canremove()
javax.swing.jtextpane.setname(),system.dynamic.setmemberbinder.name()
javax.swing.listmodel.remove(),system.data.common.datacolumnmappingcollection.removeat()
java.io.filereader.ready(),system.io.streamreader.read()
java.io.filereader.ready(),system.io.stringreader.read()
java.lang.double.shortvalue(),system.xml.linq.xattribute.setvalue()
java.beans.propertyeditor.ispaintable(),system.drawing.design.uitypeeditor.paintvalue()
java.awt.printjob.end(),system.drawing.bufferedgraphics.render()
javax.swing.jscrollpane.setfont(),system.windows.forms.fontdialog.font()
javax.management.modelmbean.modelmbeaninfo.getoperations(),system.reflection.typeextensions.getproperties()
java.awt.font.chararrayiterator.reset(),system.speech.recognition.speechrecognizedeventargs.result()
java.awt.geom.ellipse2d.getbounds2d(),system.drawing.drawing2d.graphicspath.getbounds()
java.awt.rectangle.set(),system.drawing.drawing2d.graphicspath.reset()
java.awt.rectangle.set(),system.drawing.rectanglef.offset()
java.util.jar.attributes.hashcode(),system.reflection.memberinfo.gethashcode()
javax.naming.compositename.equals(),system.xml.ref.equal()
javax.naming.directory.attributemodificationexception.tostring(),system.net.urldecoder.getstring()
javax.crypto.spec.rc2parameterspec.hashcode(),system.net.ipendpoint.gethashcode()
javax.crypto.spec.rc2parameterspec.hashcode(),system.numerics.biginteger.gethashcode()
javax.swing.jtabbedpane.getmodel(),system.reflection.ireflect.getmethod()
javax.swing.plaf.synth.region.getname(),system.data.common.typehelpers.getfullname()
javax.swing.text.html.parser.entity.getstring(),system.nullable.tostring()
java.awt.font.getmaxcharbounds(),system.drawing.drawing2d.graphicspath.getbounds()
javax.swing.plaf.basic.basicsplitpaneui.getdivider(),system.data.sqltypes.sqlsingle.divide()
javax.swing.text.segment.next(),system.drawing.graphics.context()
java.security.codesigner.hashcode(),system.net.http.headers.transfercodingheadervalue.gethashcode()
java.net.socketpermission.hashcode(),system.net.http.headers.transfercodingheadervalue.gethashcode()
java.time.zone.zoneoffsettransitionrule.hashcode(),system.net.ipaddress.gethashcode()
java.time.chrono.japanesedate.hashcode(),system.data.foreignkeyconstraint.gethashcode()
java.time.zoneddatetime.equals(),system.data.sqltypes.sqlint16.notequals()
java.io.console.writer(),system.identitymodel.tokens.samlauthorizationdecisionstatement.writexml()
java.io.console.writer(),system.identitymodel.tokens.samlevidence.writexml()
java.awt.image.renderedimage.getproperty(),system.componentmodel.design.ieventbindingservice.geteventproperty()
javax.swing.jtextarea.settooltiptext(),system.windows.forms.tooltip.settooltip()
java.net.urlconnection.setfilenamemap(),system.io.path.getfilename()
javax.management.mbeanserver.deserialize(),system.runtime.serialization.iformatter.serialize()
javax.swing.buttongroup.gettext(),system.windows.input.textcompositioneventargs.text()
junit.samples.money.money.tostring(),system.string.substring()
junit.samples.money.money.tostring(),system.xml.xmlbufferreader.getstring()
javax.tools.diagnostic.getcode(),system.net.http.headers.transfercodingheadervalue.gethashcode()
java.rmi.server.objid.hashcode(),system.stringcomparer.gethashcode()
java.rmi.server.objid.hashcode(),system.reflection.fieldinfo.gethashcode()
java.rmi.server.objid.hashcode(),system.reflection.propertyinfo.gethashcode()
java.rmi.server.objid.hashcode(),system.windows.color.gethashcode()
java.rmi.server.objid.hashcode(),system.drawing.color.gethashcode()
java.rmi.server.objid.hashcode(),system.windows.size.gethashcode()
javax.naming.reference.hashcode(),system.runtime.interopservices.osplatform.gethashcode()
javax.naming.reference.hashcode(),system.net.http.headers.contentdispositionheadervalue.gethashcode()
javax.naming.reference.hashcode(),system.globalization.compareinfo.gethashcode()
java.nio.channels.seekablebytechannel.read(),system.web.services.description.servicedescription.canread()
java.time.localdatetime.hashcode(),system.drawing.color.gethashcode()
java.awt.geom.arc2d.setframe(),system.drawing.imaging.imageattributes.setwrapmode()
java.lang.annotation.annotation.hashcode(),system.version.gethashcode()
java.util.concurrent.copyonwritearraylist.removeall(),system.componentmodel.composition.hosting.compositionbatch.removepart()
java.util.concurrent.copyonwritearraylist.removeall(),system.componentmodel.eventdescriptorcollection.removeat()
javax.swing.jbutton.addtab(),system.data.sqltypes.sqldouble.add()
java.net.uri.substring(),system.uri.tostring()
java.net.uri.substring(),system.security.cryptography.cngalgorithmgroup.tostring()
javax.swing.jdesktoppane.removeall(),system.collections.generic.list.removeat()
javax.swing.jdesktoppane.removeall(),system.runtime.compilerservices.conditionalweaktable.remove()
javax.swing.jdesktoppane.removeall(),system.collections.generic.list.remove()
javax.swing.text.html.htmldocument.getiterator(),system.collections.collectionbase.getenumerator()
java.awt.peer.trayiconpeer.settooltip(),system.drawing.graphics.setclip()
javax.management.modelmbean.modelmbeanattributeinfo.getdescriptor(),system.componentmodel.dataannotations.displayattribute.getdescription()
javax.swing.text.stylededitorkit.getinputattributes(),system.reflection.propertyinfo.getcustomattributes()
javax.swing.event.eventtype.tostring(),system.string.substring()
javax.swing.event.eventtype.tostring(),system.datetime.substring()
javax.sound.midi.sequence.get(),system.threading.threadlocal.set()
java.sql.ref.set(),system.windows.point.offset()
java.time.localtime.compareto(),system.data.common.adp.srccompare()
java.time.yearmonth.compareto(),system.data.common.adp.srccompare()
java.time.period.multipliedby(),system.data.sqltypes.sqlint64.multiply()
java.time.period.multipliedby(),system.data.sqltypes.sqlint16.multiply()
java.net.urlconnection.tostring(),system.drawing.drawing2d.graphicspath.addstring()
javax.servlet.http.httpsession.getattribute(),system.xml.xmldocument.createattribute()
javax.servlet.http.httpsession.getattribute(),system.xml.xmlelement.setattribute()
java.lang.long.tooctalstring(),system.single.tostring()
java.lang.long.tooctalstring(),system.data.sqltypes.sqlbyte.tosqlstring()
java.lang.long.tooctalstring(),system.iconvertible.tostring()
java.lang.byte.longvalue(),system.data.metadata.edm.metadataproperty.value()
org.w3c.dom.node.set(),system.collections.generic.list.insert()
java.util.concurrent.synchronousqueue.peek(),system.security.cryptography.asn1.asnreader.peektag()
java.util.concurrent.synchronousqueue.removeall(),system.componentmodel.propertydescriptorcollection.removeat()
java.util.concurrent.synchronousqueue.removeall(),system.componentmodel.eventdescriptorcollection.removeat()
java.io.dataoutputstream.close(),system.servicemodel.syndication.syndicationlink.clone()
javax.swing.jcombobox.gettext(),system.windows.forms.label.text()
javax.swing.jcombobox.gettext(),system.windows.input.textcompositioneventargs.text()
java.lang.stacktraceelement.tostring(),system.string.substring()
java.lang.stacktraceelement.tostring(),system.datetime.substring()
java.util.jar.packer.properties(),system.data.common.typehelpers.getproperties()
java.awt.peer.componentpeer.getgraphics(),system.windows.forms.painteventargs.graphics()
junit.samples.money.money.hashcode(),system.drawing.color.gethashcode()
java.nio.charset.charset.hashcode(),system.globalization.compareinfo.gethashcode()
java.nio.charset.charset.hashcode(),system.timespan.gethashcode()
junit.framework.testfailure.tostring(),system.string.substring()
java.net.contenthandler.getcontent(),system.net.http.httpresponsemessage.content()
javax.xml.bind.datatypeconverter.parsedate(),system.numerics.biginteger.parse()
javax.xml.bind.datatypeconverter.parsedate(),system.datetime.parse()
javax.xml.bind.datatypeconverter.parsedate(),system.guid.parse()
javax.swing.renderer.get(),system.data.entity.core.common.commandtrees.dbdeletecommandtree.target()
java.awt.font.glyphmetrics.getbounds2d(),system.drawing.drawing2d.graphicspath.getbounds()
javax.swing.jinternalframe.setclosed(),system.threading.manualresetevent.close()
javax.naming.spi.resolver.resolve(),system.collections.generic.synchronizedcollection.remove()
javax.naming.spi.resolver.resolve(),system.data.caching.cache.remove()
java.awt.graphics2d.getclipbounds(),system.drawing.drawing2d.graphicspath.getbounds()
javax.swing.text.html.parser.parserdelegator.parse(),system.int32.tryparse()
javax.swing.text.defaultcaret.setdot(),system.numerics.vector4.dot()
javax.swing.box.add(),system.componentmodel.bindinglist.addnew()
java.time.zone.zoneoffsettransitionrule.tostring(),system.string.substring()
java.util.collection.removeif(),system.data.odbc.odbcconnectionstringbuilder.remove()
java.util.collection.removeif(),system.collections.idictionary.remove()
javax.jcr.node.remove(),system.data.datatablecollection.canremove()
java.awt.container.start(),system.data.entity.core.common.commandtrees.dbinsertcommandtree.target()
java.awt.container.start(),system.data.entity.core.common.commandtrees.dbupdatecommandtree.target()
java.awt.container.start(),system.data.entity.core.common.commandtrees.dbdeletecommandtree.target()
java.util.simpletimezone.hashcode(),system.globalization.compareinfo.gethashcode()
java.text.rulebasedcollator.hashcode(),system.web.caching.cachekey.gethashcode()
java.io.console.reader(),system.io.stringreader.read()
java.security.timestamp.hashcode(),system.timespan.gethashcode()
java.security.timestamp.hashcode(),system.globalization.compareinfo.gethashcode()
java.security.timestamp.hashcode(),system.drawing.color.gethashcode()
java.security.timestamp.hashcode(),system.int64.gethashcode()
java.security.timestamp.hashcode(),system.stringcomparer.gethashcode()
java.util.scanner.locale(),system.drawing.bufferedgraphicscontext.allocate()
java.util.abstractcollection.removeall(),system.collections.generic.ilist.removeat()
java.security.cert.ldapcertstoreparameters.clone(),system.xml.xmldeclaration.clonenode()
java.security.cert.ldapcertstoreparameters.tostring(),system.text.asciiencoding.getstring()
java.awt.image.bufferedimageop.getbounds2d(),system.drawing.drawing2d.graphicspath.getbounds()
javax.swing.jtree.setname(),system.dynamic.setmemberbinder.name()
java.sql.nclob.length(),system.net.ftpdatastream.setlength()
javax.swing.text.html.htmldocument.insertstring(),system.componentmodel.componentresourcemanager.getstring()
java.nio.file.attribute.userdefinedfileattributeview.list(),system.string.split()
java.net.inet4address.hashcode(),system.drawing.color.gethashcode()
java.net.inet4address.hashcode(),system.reflection.memberinfo.gethashcode()
java.awt.fontmetrics.getmaxcharbounds(),system.drawing.drawing2d.graphicspath.getbounds()
java.nio.channels.asynchronousfilechannel.write(),system.io.stream.endwrite()
javax.swing.jlayer.removeall(),system.data.datarelationcollection.remove()
javax.swing.jlayer.removeall(),system.data.constraintcollection.remove()
java.awt.geom.rectangle2d.getbounds2d(),system.drawing.drawing2d.graphicspath.getbounds()
java.sql.connection.gettype(),system.xml.serialization.modelscope.gettypemodel()
javax.swing.uidefaults.getstring(),system.diagnostics.stacktrace.tostring()
javax.security.auth.x500.x500principal.hashcode(),system.security.policy.zonemembershipcondition.gethashcode()
java.security.allpermission.hashcode(),system.net.http.headers.transfercodingheadervalue.gethashcode()
java.security.codesource.tostring(),system.datetime.substring()
java.lang.threadgroup.remove(),system.web.sessionstate.httpsessionstate.removeat()
java.net.jarurlconnection.getattributes(),system.web.ui.iattributeaccessor.setattribute()
javax.servlet.http.httpservletrequest.getattribute(),system.servicemodel.xmlutil.getxmllangattribute()
javax.imageio.imagereader.getinput(),system.componentmodel.composition.importingcomposablepart.getimport()
javax.swing.filechooser.filesystemview.getparentdirectory(),system.io.system.io.enumeration.directory.createdirectory()
javax.sql.rowset.serial.sqlinputimpl.readobject(),system.componentmodel.componentresourcemanager.getobject()
javax.sql.rowset.serial.sqlinputimpl.readobject(),system.resources.resourcemanager.getobject()
javax.naming.directory.basicattributes.hashcode(),system.reflection.eventinfo.gethashcode()
java.awt.font.imagegraphicattribute.getdescent(),system.drawing.fontfamily.getcelldescent()
javax.sound.sampled.audiofileformat.getproperty(),system.reflection.ireflect.getproperties()
javax.naming.binding.setobject(),system.xml.schema.xmlschemavalidationexception.setsourceobject()
javax.xml.stream.events.namespace.getnamespace(),system.xml.linq.xelement.getnamespaceofprefix()
org.junit.rules.stopwatch.run(),system.math.round()
java.time.temporal.temporalunit.getduration(),system.timespan.duration()
junit.textui.testrunner.gettest(),system.data.idatarecord.getbyte()
java.nio.channels.channels.close(),system.servicemodel.security.tokens.securitycontextsecuritytoken.clone()
java.text.rulebasedbreakiterator.settext(),system.windows.forms.textbox.text()
java.text.rulebasedbreakiterator.next(),system.windows.forms.textbox.text()
javax.media.opengl.gl.glgetstring(),system.net.mail.mailaddress.tostring()
java.util.logging.level.hashcode(),system.drawing.color.gethashcode()
java.util.logging.memoryhandler.close(),system.data.dataset.clone()
java.util.zip.zipentry.hashcode(),system.security.policy.urlmembershipcondition.gethashcode()
javax.servlet.http.httpsession.setattribute(),system.xml.xmlelement.hasattribute()
javax.servlet.http.httpsession.setattribute(),system.xml.xmlreader.movetoattribute()
javax.servlet.http.httpsession.setattribute(),system.xml.xmlelement.removeattribute()
javax.servlet.http.httpsession.setattribute(),system.xml.xmlreader.getattribute()
java.lang.exception.tostring(),system.string.substring()
javax.swing.text.html.stylesheet.getstyle(),system.workflow.componentmodel.design.helpers.getbasetype()
java.awt.font.textline.getvisualbounds(),system.drawing.drawing2d.graphicspath.getbounds()
java.awt.font.textline.getcharbounds(),system.drawing.drawing2d.graphicspath.getbounds()
java.awt.peer.scrollpanepeer.setvalue(),system.reflection.fieldinfo.setvaluedirect()
java.awt.peer.scrollpanepeer.setvalue(),system.collections.sortedlist.values()
javax.security.auth.x500.x500privatecredential.getalias(),system.net.mime.headercollection.getvalues()
javax.swing.text.editorkit.getactions(),system.workflow.componentmodel.design.activitydesigner.getconnections()
java.net.inet6address.gethostaddress(),system.net.dns.gethostaddresses()
java.net.inet6address.gethostaddress(),system.net.networkinformation.networkinterface.getphysicaladdress()
java.rmi.server.remoteref.remotehashcode(),system.drawing.printing.margins.gethashcode()
java.awt.insets.hashcode(),system.drawing.color.gethashcode()
java.awt.event.keyevent.getsource(),system.workflow.componentmodel.compiler.validationmanager.getservice()
javax.swing.text.stylededitorkit.getactions(),system.workflow.componentmodel.design.activitydesigner.getconnections()
java.awt.geom.arciterator.next(),system.web.ui.webcontrols.image.text()
org.junit.tests.experimental.theories.extendingwithstubs.methodcall.equals(),system.xml.ref.equal()
javax.script.simplescriptcontext.setattribute(),system.xml.linq.xelement.attribute()
java.awt.graphics2d.fillrect(),system.drawing.graphics.fillrectangle()
javax.swing.jtooltip.getui(),system.net.mime.headercollection.get()
javax.sql.rowset.serial.sqlinputimpl.readint(),system.io.binaryreader.readint16()
javax.sql.rowset.serial.sqlinputimpl.readint(),system.xml.xmldictionaryreader.readstring()
javax.sql.rowset.serial.sqlinputimpl.readref(),system.security.cryptography.asn1.asnreader.readsetof()
java.beans.propertyeditorsupport.getsource(),system.data.sql.sqldatasourceenumerator.getdatasources()
java.nio.file.files.get(),system.data.entity.core.common.commandtrees.dbdeletecommandtree.target()
javax.swing.jbutton.dispose(),system.componentmodel.container.safedispose()
javax.microedition.lcdui.list.tostring(),system.data.sqltypes.sqlbyte.tosqlstring()
javax.sound.sampled.control.tostring(),system.string.substring()
javax.jcr.property.getstring(),system.configuration.internal.iinternalconfigrecord.getsection()
java.util.formatstring.tostring(),system.datetime.substring()
java.time.chrono.chronoperiod.addto(),system.configuration.settingsprovidercollection.add()
java.time.chrono.chronoperiod.addto(),system.xml.linq.xelement.add()
java.time.chrono.chronoperiod.addto(),system.data.datacolumncollection.add()
javax.swing.jsplitpane.removeall(),system.collections.generic.list.remove()
java.awt.graphics2d.drawrect(),system.drawing.graphics.drawrectangle()
javax.swing.text.content.getstring(),system.web.httpcontextbase.getsection()
java.util.arraydeque.clone(),system.data.odbc.odbcconnection.close()
java.text.collationelementiterator.reset(),system.xml.lineinfo.set()
java.awt.geom.ellipse2d.intersects(),system.drawing.rectangle.intersect()
java.awt.geom.ellipse2d.intersects(),system.drawing.rectanglef.intersect()
java.net.inet4address.getaddress(),system.net.dns.gethostbyaddress()
javax.rmi.corba.utildelegate.writeremoteobject(),system.runtime.serialization.xmlobjectserializer.writeobject()
javax.rmi.corba.utildelegate.gettie(),system.net.mime.headercollection.get()
javax.lang.model.element.element.hashcode(),system.int64.gethashcode()
javax.lang.model.element.element.hashcode(),system.drawing.color.gethashcode()
javax.swing.jeditorpane.setname(),system.dynamic.setmemberbinder.name()
java.lang.short.intvalue(),system.data.metadata.edm.metadataproperty.value()
java.lang.short.bytevalue(),system.data.metadata.edm.metadataproperty.value()
java.lang.byte.intvalue(),system.data.metadata.edm.metadataproperty.value()
java.lang.byte.intvalue(),system.windows.controls.image.getvalue()
java.nio.intbuffer.clear(),system.numerics.vector3.lerp()
java.nio.intbuffer.clear(),system.numerics.quaternion.lerp()
java.security.publickey.equals(),system.data.sqltypes.sqlint64.notequals()
java.security.publickey.equals(),system.data.sqltypes.sqlmoney.notequals()
java.awt.peer.choicepeer.remove(),system.collections.sortedlist.removeat()
javax.management.query.plus(),system.configuration.xmlutilwriter.flush()
java.io.bytearrayinputstream.writeint(),system.io.compression.deflatestream.write()
java.awt.panel.getitemcount(),system.windows.forms.treeview.getnodecount()
java.awt.image.getproperty(),system.componentmodel.typedescriptor.createproperty()
javax.swing.text.html.css.getattribute(),system.type.getcustomattributes()
java.awt.flowlayout.add(),system.data.sqltypes.sqlboolean.and()
javax.swing.jtextfield.getcolumns(),system.web.ui.webcontrols.datagrid.columns()
java.io.filterreader.reset(),system.xml.lineinfo.set()
java.util.listresourcebundle.getkeys(),system.collections.hashtable.keys()
java.util.abstractset.hashcode(),system.net.http.headers.rangeconditionheadervalue.gethashcode()

javax.mail.message.size(),system.readonlymemory.slice()
java.util.stream.stream.add(),system.xml.xmlbinarywritersession.tryadd()
java.awt.image.affinetransformop.getbounds2d(),system.drawing.drawing2d.graphicspath.getbounds()
